Broken Link,Questionable Link,Marked Complete
null,,
,http://www.hospitalmedicine.org/AM/Template.cfm?Section=San_Antonio&Template=/TaggedPage/TaggedPageDisplay.cfm&TPLID=4&ContentID=5810,
,http://www.hospitalmedicine.org/SAMLLink.ashx?ProductID=535934a1-75e8-4f73-941d-fec4aca6673b&FromPage=search,
,http://www.hospitalmedicine.org/AM/Template.cfm?Section=Advocacy_Policy,
,http://www.hospitalmedicine.org/am/pdf/advocacy/crs_readmissions_report.pdf,
,http://www.hospitalmedicine.org/ResourceRoomRedesign/RR_CareTransitions/Boost_vanity_landing.cfm,
,http://www.hospitalmedicine.org/AM/Template.cfm?Section=Advocacy_Policy,
,https://www.hospitalmedicine.org/ResourceRoomRedesign/RR_CareTransitions/PDFs/TARGET.pdf,
,http://www.hospitalmedicine.org/boost_microsite/boost_program_files.cfm,
,http://www.hospitalmedicine.org/Paperless2010/PDFs/additional_info/SHM%202010_Abstracts_031910c.pdf,
,http://www.hospitalmedicine.org/AM/Template.cfm?Section=Home&Template=/CM/ContentDisplay.cfm&ContentID=17120,
